Mutation_Type,SBS_pks
A[C>A]A,0
A[C>A]C,0
A[C>A]G,0
A[C>A]T,0.001731102135026
C[C>A]A,0
C[C>A]C,0
C[C>A]G,0
C[C>A]T,0
G[C>A]A,0.00865551067513
G[C>A]C,0
G[C>A]G,0.000577034045009
G[C>A]T,0.003462204270052
T[C>A]A,0
T[C>A]C,0.002308136180035
T[C>A]G,0.000577034045009
T[C>A]T,0.010386612810156
A[C>G]A,0
A[C>G]C,0.004039238315061
A[C>G]G,0
A[C>G]T,0.004039238315061
C[C>G]A,0.004616272360069
C[C>G]C,0.001154068090017
C[C>G]G,0
C[C>G]T,0.002885170225043
G[C>G]A,0
G[C>G]C,0.001731102135026
G[C>G]G,0.000577034045009
G[C>G]T,0.006924408540104
T[C>G]A,0
T[C>G]C,0
T[C>G]G,0.000577034045009
T[C>G]T,0.004039238315061
A[C>T]A,0.010386612810156
A[C>T]C,0
A[C>T]G,0.01269474899019
A[C>T]T,0
C[C>T]A,0
C[C>T]C,0
C[C>T]G,0
C[C>T]T,0.004039238315061
G[C>T]A,0.000577034045009
G[C>T]C,0
G[C>T]G,0.006347374495095
G[C>T]T,0.003462204270052
T[C>T]A,0
T[C>T]C,0
T[C>T]G,0.009232544720138
T[C>T]T,0
A[T>A]A,0.047893825735718
A[T>A]C,0.023658395845355
A[T>A]G,0.000577034045009
A[T>A]T,0.042700519330641
C[T>A]A,0
C[T>A]C,0.003462204270052
C[T>A]G,0
C[T>A]T,0
G[T>A]A,0
G[T>A]C,0.005193306405078
G[T>A]G,0.002885170225043
G[T>A]T,0.015002885170225
T[T>A]A,0.02135025966532
T[T>A]C,0
T[T>A]G,0.004039238315061
T[T>A]T,0.074437391806117
A[T>C]A,0.111367570686671
A[T>C]C,0.045585689555684
A[T>C]G,0.006347374495095
A[T>C]T,0.169648009232545
C[T>C]A,0
C[T>C]C,0.001731102135026
C[T>C]G,0
C[T>C]T,0
G[T>C]A,0
G[T>C]C,0.003462204270052
G[T>C]G,0.000577034045009
G[T>C]T,0.013271783035199
T[T>C]A,0.004039238315061
T[T>C]C,0.002308136180035
T[T>C]G,0
T[T>C]T,0.096364685516446
A[T>G]A,0.008078476630121
A[T>G]C,0.005193306405078
A[T>G]G,0.002308136180035
A[T>G]T,0.007501442585113
C[T>G]A,0
C[T>G]C,0.002308136180035
C[T>G]G,0.002308136180035
C[T>G]T,0
G[T>G]A,0
G[T>G]C,0.001731102135026
G[T>G]G,0.002885170225043
G[T>G]T,0.013271783035199
T[T>G]A,0.030582804385459
T[T>G]C,0.020773225620312
T[T>G]G,0
T[T>G]T,0.102135025966532
